ROI,T1w:T2w,5HT1a,5HT1b,5HT2a,5HT4,5HT6,5HTT,A4B2,CB1,D1,D2,DAT,GABAa,H3,M1,mGluR5,MOR,NET,NMDA,VAChT
7Networks_LH_Vis_1,1.2950499057769775,49.582700994125545,-2.8643438550089204,40.476199929557225,1.898214682925468,0.23993915423150297,5.586067224498097,9.270357004052023,1.2807539183932453,15.31209418522934,0.595078861070403,32.43013420971957,690.2882676969243,15.153039210918946,2.780538804722311,-0.9855247712016165,16.47559693639498,-0.054922804624647784,5.976345142585811,-0.002511139038144538
7Networks_LH_Vis_2,1.4394173622131348,24.528258804968228,-0.7998868389671872,47.68100406675257,1.7798183724142616,0.3485811300043157,4.301419919761245,9.77888342146531,1.2757246959909752,13.343836454693715,-0.6247249634023445,28.765348947965183,831.6997488097339,15.500569950469483,2.9338407346111937,-1.3808210876807054,7.8817141552800445,0.003976357169457274,6.9213570497385595,-0.22022658122981173
7Networks_LH_Vis_3,1.437411904335022,25.47428463447356,-0.8407808572124316,47.12868992568625,1.7385409106057448,0.275458934936925,5.05661247990035,9.216269240593517,1.1916289070412216,17.11860370117665,-0.7251936774363564,29.26712525708581,879.2181269196032,14.35995804483821,2.689996172663481,-0.9763302240787464,9.852896395589257,-0.03730314935741692,7.081444837538673,-0.14226289104501777
7Networks_LH_Vis_4,1.4923292398452759,14.469979895511251,-0.2505318063392648,51.74554829538992,1.6714129129721689,0.28350864619163263,4.254269345220837,8.577530886770509,1.2246215401465488,7.1045166773157,-0.9430192291550744,24.708398000878024,731.7967617109445,14.449184021772409,3.580724719922846,-2.1382232526988836,4.230102473646348,-0.007691304751598103,5.21778907523472,-0.47529423108106766
7Networks_LH_Vis_5,1.5291601419448853,15.388583902482948,1.906073781978926,51.906936109120345,1.2996277034337018,0.34227831835166717,5.085418935352385,7.651575993742585,1.1231102951917376,12.905550413777537,-1.651739832582417,27.135405467106743,924.9512427271992,14.837170608192208,3.58992340713823,-1.5340307074964608,0.0,-0.04061767714962767,6.651558627404085,-0.3564158593387637
7Networks_LH_Vis_6,1.5302870273590088,19.614929940830073,2.0478712609406275,52.82412922665336,1.6392995807170812,0.4294957212172197,6.460936434556698,8.958665845312712,1.09547735425989,17.31548739962269,-1.0257188988377204,29.56695825200416,936.2937475112709,15.184344083773167,3.9536720040097952,-0.3768637062297387,6.493656152587946,0.007052797380737916,7.096838458056703,-0.10623535206781547
7Networks_LH_Vis_7,1.3972909450531004,31.64542715284172,0.16248286804352047,58.186666922610286,2.401549069061856,0.4596002570596026,4.621417254807584,9.575694641046065,1.2859003667516815,12.6469863149853,0.20421358471941609,26.491392991980728,768.0487992152641,14.917438604367998,3.8906586921808897,0.4291788781423807,17.917230017689388,0.012787896867550412,6.149626910419735,-0.09113574083223855
7Networks_LH_Vis_8,1.4300981760025024,19.592976277903343,0.19825434458779767,53.09052385852238,2.0810270842987606,0.3506657221967918,4.418244797771094,9.313528568850415,1.2597739287298355,9.347050089351104,-0.5309055741253309,24.82029303028239,712.9150143953739,14.37891590461844,3.8941885350093504,-0.9233275426101645,8.985460986582913,0.032046899744581255,5.812612869474191,-0.269426687863062
7Networks_LH_Vis_9,1.4869213104248047,22.132778627686616,0.20146825339372343,50.80294981931334,1.8124558961294728,0.43677154565696213,5.625457923443758,8.925636918386564,1.1709206754586747,12.31445360503936,-0.8246587923265629,26.329724650429593,815.5538029176644,14.995043953306045,3.958554465203124,-0.11013890483029055,5.515435606796708,0.03915723675981351,6.559053341972665,-0.22831785459041487
7Networks_LH_SomMot_1,1.4796221256256104,32.557594495924036,-0.08450518171207368,57.43237630502642,2.340840053507254,0.474078976558687,6.022641012781019,9.810325797589591,1.31928764185138,13.401573778027378,0.5099477359128606,28.540495003783093,806.7830632941583,18.59783990881292,3.8246884916703663,0.8558874234689712,17.85256221158753,0.07810676560252734,6.628250427625572,0.3978407487650292
7Networks_LH_SomMot_2,1.41434645652771,27.79397965513291,-1.3560730407347097,50.4033204480935,2.1004844306330104,0.3720524527678192,9.249124738151867,10.417485325052208,1.1460642335425624,16.71184746043679,0.4818443778020301,33.3016119257609,822.4750041249919,15.173771273894852,2.9529548169849438,0.40407171833350675,20.757360985921697,0.02947013015474264,7.1993920941124045,0.9309913775972493
7Networks_LH_SomMot_3,1.302557110786438,35.272171379235566,0.9229989189389542,56.05395874269795,2.4627744001829774,0.5179685490204836,5.439071394540708,10.158089103655795,1.418527063467426,13.932398655064432,0.5009132499573382,28.475235668669608,811.3112986291021,19.27495903375783,4.11961755689504,1.9598484753211611,25.422602453614683,0.1309287082440585,6.510448932237909,0.394332981705392
7Networks_LH_SomMot_4,1.5054490566253662,22.06094001174979,0.8495928043168822,45.82807290072757,1.7279665149263352,0.36597099894016094,4.444291591251397,10.834652163186222,1.329201318799612,8.326875914177563,-0.47648475567281007,26.079591582251375,690.2508259536811,17.313716721469913,3.5675699536987815,-0.5615862168162985,15.240219992974563,0.1611779843371182,5.933455463446409,0.19579703822867764
7Networks_LH_SomMot_5,1.5731269121170044,17.113304947995793,-0.7716842865701723,38.69018778159119,1.430244914383121,0.24921227551337796,4.328376216063829,9.699812530893226,1.244594694242196,7.497009790051104,-0.9543615535288948,23.900731427177885,623.5543185592862,14.88274531886704,3.0760065585893357,-1.788287678279444,10.73461881343844,0.09502811460104024,5.674328762565503,0.0769599971696509
7Networks_LH_SomMot_6,1.4716155529022217,21.4083348776757,-0.8159256202012557,38.02240124242368,1.4479023220986482,0.28714069645599155,4.796310603044855,9.646742990367326,1.2399122118408579,9.24204939002272,-1.0562893359844323,24.364487663738014,655.2371336791746,18.132067291328642,3.31236552198038,-1.201025544322864,16.141256790764906,0.17325472915987408,6.063992076270878,0.30065755866693117
7Networks_LH_DorsAttn_Post_1,1.287638783454895,36.762680326560854,-0.79378518440603,55.48636362548179,2.4102172298527975,0.46471250968343886,3.90975316926746,9.59092493209398,1.323380621974391,14.45242441526685,0.9156946959328861,28.017074957059297,769.7998358103216,15.232986662266155,3.661457238543828,0.01885284709932547,20.87984040779755,0.006105260139392073,6.579257902929382,-0.15301231477038776
7Networks_LH_DorsAttn_Post_2,1.290952444076538,28.203779477991052,0.25814938793603076,53.7149845493056,2.369004003630855,0.3486452207728865,4.276313764197723,10.022986516328457,1.411129985791742,9.960461584207629,0.10395697520169873,25.104011791723742,719.7929063600192,15.70999010445325,3.7717113233687902,0.06078020950944941,23.27727087305285,0.047708740292800256,5.462449362982534,-0.13243851060165251
7Networks_LH_DorsAttn_Post_3,1.3604390621185303,23.006484320641007,-0.47907493449430066,48.86893247182218,2.075090471391176,0.3457868267254216,3.2915364304888066,9.447175647324812,1.2631143357502603,10.3333895247522,-0.4954116238289292,24.032745127324706,699.9660170175001,14.764430468767063,3.64507511981896,-0.7076662051744945,15.53411674711166,-0.00845951074376517,5.704048320710501,-0.28914664795238637
7Networks_LH_DorsAttn_Post_4,1.3685252666473389,27.761520534987973,-0.4754887799594996,44.78275704265904,1.9776659419595564,0.38841343234490466,4.161249643501038,9.8454069970502,1.2665529547572107,11.417290197464572,-0.08197258493383078,26.490842998427834,703.4563788216518,14.883210856963572,3.6355578675007023,-0.5396825728717356,20.398249291012455,0.04020808894240274,6.408388270196731,-0.149457318886641
7Networks_LH_DorsAttn_Post_5,1.2646573781967163,27.11866504644745,-1.01425907689203,48.72484594614036,2.097385417401648,0.3840827232304552,3.3802762690889585,9.251246662135276,1.2998586575587652,12.34365924013848,-0.4373707947498628,23.467782355643607,697.2941805287106,16.97410888021118,3.9319387148764657,0.3120419579100409,19.972050498171,0.01435408571713315,6.542287413748533,-0.12952343616025472
7Networks_LH_DorsAttn_Post_6,1.2981097698211668,22.116880292077095,-1.3079039622492918,43.901917772768186,1.8840406884689376,0.27797841735317047,3.562240608190418,9.043965892401987,1.260831848665496,8.349885454069524,-0.6608085307006933,21.312478372741445,633.9622944404161,14.978138420741011,3.495803645023933,-1.1545281618050989,18.278427646421363,-0.01181722689412954,5.684022647787457,-0.26949110930339154
7Networks_LH_DorsAttn_PrCv_1,1.3023754358291624,28.642736761537314,1.1544315975840238,57.2998784802471,2.145879025805008,0.44769534877915623,4.158204167185191,10.904493554619881,1.2890971236475888,11.702913739138292,-0.506292091234442,27.711743225143756,768.5848692985847,17.26547076184038,3.35020507456336,0.3525175471482434,25.79154503167912,0.050433139672255,6.357770727431183,0.04752430252435138
7Networks_LH_DorsAttn_FEF_1,1.3209221363067627,24.479327956613513,0.20513547236245305,52.192257095359125,1.8323335831575345,0.3715679374379698,3.44680919228316,10.605203463485035,1.244248669271474,10.54611081266396,-0.87032536744688,24.45790739137618,712.0916641659206,17.78874862805279,3.0327081536839806,-0.6691527222590128,23.683124075707653,0.03518606732945491,6.241889723816511,-0.0119837859873984
7Networks_LH_SalVentAttn_ParOper_1,1.247917890548706,30.356740686019943,0.633355946769259,59.48006762070155,2.640508684572184,0.40354487539978223,4.079394725776425,9.871549495513413,1.4220515444840507,11.753362004037845,0.39516090801204745,25.923605616028244,758.4767867419638,16.188316041162643,3.8945189072602786,1.065305609930706,26.15776137756207,0.023226885312549964,5.74475045187273,-0.044463220425660185
7Networks_LH_SalVentAttn_FrOperIns_1,1.1702793836593628,49.92440464910282,-0.8626672561011143,45.66694266340931,2.3017732824494197,0.5559001011608288,8.85471981959347,9.251291729026486,1.4674911745653647,18.98269145537535,3.5710689447607606,34.3401673904071,739.4017061524784,23.095168506629513,4.094986298281675,0.4434771679556778,30.25742163259008,0.009717854229401406,6.783786789788891,0.8523015000964002
7Networks_LH_SalVentAttn_FrOperIns_2,1.2107009887695312,36.95370291156473,0.5244953162330218,59.01810376324588,2.4379045788297566,0.5897419884168741,6.634860405715312,10.52994965018648,1.3612796047239593,17.866575228782036,2.1336286001184566,34.658993831350784,879.6916375453386,20.646713830918976,3.7665252641656184,1.8433511165662,32.205951942923704,0.010959013586817131,7.478168003150504,0.5917886191058499
7Networks_LH_SalVentAttn_PFCl_1,1.2101581096649168,33.233046722519475,1.3990042148837956,59.32652243630111,2.3155172248941636,0.4837800373729164,4.296053476913729,11.049205122193435,1.4302935575060591,13.39814777534242,-0.1451314166503543,25.176391038963263,757.6279048824699,18.468560149289388,3.916807908042135,0.6067849588005646,30.88245470424789,0.014647797311325116,5.928815221240698,-0.07534943043282803
7Networks_LH_SalVentAttn_Med_1,1.1893160343170166,29.896778935498524,0.6580716815608049,55.57576236633081,2.201828746888383,0.4356974303201014,5.809749547825303,10.664209173442652,1.3936959866746237,16.67549488653166,0.1812262878155539,30.05724219825324,815.0307351588218,24.45133044675586,3.592117635405299,1.1200757521018028,32.755891319600806,0.053351520217689664,6.532656836130331,0.5191187438003922
7Networks_LH_SalVentAttn_Med_2,1.2667163610458374,25.9423669448515,-0.5519544331707921,51.52278601988395,2.190002025844895,0.43011118426238915,5.486402556864546,10.418197847702592,1.3234753155471384,14.989712833185243,-0.41455381252491413,29.997402923275725,737.6309044151974,19.22196024447888,3.6803781203500567,0.7338881763727998,23.38942535336228,0.08628282499649412,6.765709839028776,0.2754100663424985
7Networks_LH_SalVentAttn_Med_3,1.2668869495391843,25.97720684168679,0.13547544727518,53.58599921665517,1.8803389147236993,0.372425158665346,3.8094388507223726,10.325365255887345,1.2868386095338336,10.999799735060853,-0.6310171109039237,23.530561327934265,700.035593173529,22.491772587828564,3.5311866304416406,-0.37358753689650503,25.664674830117697,0.06941512951479342,6.220966681423437,0.13662046116730767
7Networks_LH_Limbic_OFC_1,1.2106002569198608,34.13744409797767,-0.19095953751907427,55.79856481368859,2.232068345135536,0.35410770153323673,5.553539116433055,9.547652968280948,1.3830179758664365,19.70061828266789,0.6064733774693817,30.721875245879296,693.9568038955648,19.961821442422256,3.677335111604172,0.10796860565795206,31.89478382784604,-0.06195608875593061,6.8480160546181645,0.20514779108382497
7Networks_LH_Limbic_TempPole_1,1.1390950679779053,49.71502159859834,-2.5265460058752103,44.51835690434974,2.373919960385036,0.28661602750283866,7.048702877732991,7.723850029043032,1.387636738003425,13.454905208966148,1.8880184370993145,29.84501056047826,497.2816815240075,15.027163701545643,3.49883321279776,-1.0552258044031055,26.677043427829325,-0.14442606724734203,6.465471139027097,-0.20696528746812312
7Networks_LH_Limbic_TempPole_2,1.2206785678863523,39.826036190834984,-0.705620830919186,61.16714255018942,2.6829874746985154,0.5020446555092024,3.6132307740262903,9.387342082352198,1.357785924150784,13.754838827593616,1.99795401078602,27.28917561929057,696.0034318648627,14.618755429283635,3.939943065127923,-0.03269647078887963,25.501326014397534,-0.014718442905556897,6.404282069921653,-0.2629703276279345
7Networks_LH_Cont_Par_1,1.33107590675354,27.025729204170293,-0.06104200156065355,57.33636741962041,2.3397955836143955,0.4114238536372965,3.3351234582729696,9.946609061739133,1.290422679808121,12.5435313875746,-0.11431343817206356,25.032885033893848,767.0323398421447,15.439830399218112,3.768796420044013,-0.18580679993731744,20.320270937612825,0.010004677681022416,6.347855402848192,-0.23382522801669867
7Networks_LH_Cont_PFCl_1,1.283893585205078,29.202387322476262,1.6943190763256804,56.91286425373186,2.194383973069696,0.5023405111223517,4.406791323723444,11.189706191868362,1.3903231526285873,13.063587493073952,-0.249974338583022,26.751456901208677,793.5862806226851,17.63928345296667,3.773948803999572,0.6137131155940041,27.90072334013856,0.05879025211243108,6.165315195687347,-0.036021452279738395
7Networks_LH_Cont_pCun_1,1.3832206726074219,24.729052276457423,0.0385601080498681,51.75776013122433,2.140660982827856,0.46582169052722583,4.039008103441237,9.6343679435723,1.2494986272070554,13.635020647628698,-0.4962511413584661,26.406379903637383,791.6036275434494,17.018839653617963,4.039239613657048,0.5155108029745408,12.55976789215442,0.046703407416340506,6.752074454716253,-0.1583146737032216
7Networks_LH_Cont_Cing_1,1.4705216884613037,27.53940703173714,-0.7906526634764143,51.0125080767119,1.998285650781466,0.32952893321070403,5.609509323543307,9.989270969946565,1.2092748410864107,16.889900802227203,-0.8036407177212015,30.72085483074188,819.1264357492713,16.76639768922082,3.166720508800596,0.27094099154898466,20.77520853393922,-0.0022996370742191814,6.534557408510824,0.34776972924683786
7Networks_LH_Default_Temp_1,1.2095351219177246,40.435916218677455,-1.025808897055699,59.20765578863321,2.7440753136016327,0.5537138279264918,4.4382237487543685,9.192003548477166,1.425315477709167,14.875491431674371,2.213696001644511,27.595154429808773,694.1696257307312,15.85956661220026,3.999253834228148,0.33203855331320364,26.116873580910404,-0.00968814217312255,6.543141600529355,-0.07426986213873017
7Networks_LH_Default_Temp_2,1.3005142211914062,34.26586025743495,0.19531061019903967,63.38012427595189,2.7608217154689214,0.5586393038637025,4.46805792661852,9.890952266676196,1.3410243728692903,14.037532870136832,1.5423097028526835,28.105960271373295,768.6252353095706,16.3911302846019,4.0065723728844205,0.6349801238496079,22.495330261017383,0.036830986491559914,6.859524194897014,0.02237366623273455
7Networks_LH_Default_Par_1,1.3253594636917114,31.79764202268319,0.4151738845582076,62.21246679672422,2.72572498562654,0.5091213683306535,4.732560325590409,9.979994442475203,1.3629348094493554,12.367851054731094,0.9151431745047669,27.04286523660024,789.0222677318854,16.73869488117473,4.068269469537858,1.0217655603988411,22.253905223670397,0.035365095088163837,6.263263232837329,-0.04164754860543031
7Networks_LH_Default_Par_2,1.259390354156494,26.95082945573766,0.10444496678617432,58.36034895153891,2.6358973514730484,0.37114389061577374,3.719789160389341,9.450806837071504,1.3747474700714997,11.458850738818708,0.09406036893599602,24.521187382667808,722.8497651476813,14.794181341052267,3.7093658728609658,0.41710391007484543,22.998373379509314,-0.039702298094514435,5.534944574220463,-0.23885162065503832
7Networks_LH_Default_PFC_1,1.209639549255371,37.238657669412504,0.2798786510348818,53.29044600434782,2.1615809082437014,0.5096162798698788,6.761170408323417,10.027930563890958,1.3744118785295611,18.231498603506235,1.7196281543542715,32.46714382257936,752.2633942575403,20.934955408472224,3.6799565557181046,0.8166866233232749,31.13176618456183,-0.021777319822458473,6.939982471008404,0.18506367265958928
7Networks_LH_Default_PFC_2,1.256476640701294,27.596581739979843,1.1199978287559023,58.77549255104984,2.2325549425497813,0.5067813564594039,4.467722316472213,10.979376548004389,1.4321761198885647,12.9044505218538,0.0375077443935059,26.20334085629141,711.5178533401461,18.653582086937917,3.9889493234664735,0.4336055095237701,25.60326200745654,0.05027018948187431,6.054844708756321,-0.0885760518182738
7Networks_LH_Default_PFC_3,1.1692893505096436,37.057633614157034,0.5863946258680544,57.325126071934015,2.2995868368400574,0.5050014756313622,5.305208447614909,9.969120514886454,1.4440732867242378,20.021418466241258,0.3842036593680045,29.894093420447373,844.8073553716044,24.43093708528178,3.8924017894431984,1.469182022030873,33.39382882189404,0.0038687005579027775,6.70236920586928,0.20843314494249443
7Networks_LH_Default_PFC_4,1.2105367183685303,34.57869646197238,0.7677948072091751,59.02473242051366,2.3179930813376903,0.3708452850761239,4.368581539509422,10.411760519404451,1.4098951346673818,15.974416798844299,-0.20016015972926124,24.01398545548208,752.7113168807789,17.194520606802165,3.7928127237558176,-0.2493930485270444,29.092220833177848,-0.044549908223285195,5.300978014664758,-0.08449487662626039
7Networks_LH_Default_PFC_5,1.1833175420761108,29.977360806324302,0.2028346646975359,57.91713100770014,2.141006192784194,0.4055825197597361,3.5459199783053563,10.340975649707127,1.3526832354824847,11.060688398117904,-0.4265705646642864,22.48182460282663,659.7382787502153,20.057455968503735,3.743550598752029,-0.409211624090894,27.578700369479044,-0.05906207523868506,5.368185359665136,-0.2799672993507029
7Networks_LH_Default_PFC_6,1.2822840213775635,23.923553694649954,0.6721195901764547,56.51387261940489,2.031557056844605,0.45517891791562987,3.417647711911624,11.29438257607124,1.3533561225777215,8.849197049527769,-0.6277504442421258,23.756309904190935,692.8653466984315,19.113569193266013,3.7568877980588384,-0.46221803549746737,24.572344779458497,0.00618918427065331,4.980006668981956,-0.24664722487593235
7Networks_LH_Default_PFC_7,1.251077890396118,27.10547866919976,0.6922693665986449,58.89570776905028,2.1202807886193065,0.44425072420539974,3.4178993015513854,10.781351872362475,1.299615011674211,11.852720770227887,-0.624734559915791,24.700519072491186,758.8410058876193,18.732066748880815,3.4829687370697644,-0.19819525847804584,27.454540434455417,-0.015578523190456176,6.2799309997793396,-0.18829739881691973
7Networks_LH_Default_pCunPCC_1,1.43924880027771,22.808534196806807,-0.6296897510652036,49.41449544979155,2.020261942246883,0.32130187633008833,5.267335469473552,8.658807191720458,1.1545752161420515,18.10067327352891,-0.9804002498612248,29.43040972742541,761.2970701554847,16.474814429518354,3.394738664087159,-0.592700115511275,12.456530353558176,-0.052490425275246125,7.098061531226587,-0.1420054888048994
7Networks_LH_Default_pCunPCC_2,1.3508447408676147,29.46993213047961,0.1745908312694904,58.997616265851214,2.4051410071770505,0.5673169466121205,4.967390091737007,10.392408895197509,1.3223213210893439,19.661456630071562,-0.26161175852214025,29.781555359273018,869.7516945899775,19.241359196862167,4.3064395593609595,1.6591252473513047,21.448826335220232,0.05161968266828111,7.367894452771728,0.1144750602356958
7Networks_RH_Vis_1,1.2954295873641968,47.748120295848885,-2.2245147210143785,38.8491059183903,1.919963820031126,0.3583595961695332,5.221134269019722,9.550567690931652,1.3335706607343156,16.286414655311223,1.3151144974575215,31.28430686521408,615.0230036887631,15.735548143513183,3.2296805381046854,-0.7312628157936334,18.578502215764797,-0.048505944004479475,6.195985615381262,-0.07789019703449616
7Networks_RH_Vis_2,1.435692310333252,25.99428084039048,-0.7272756168521839,49.04542257015305,1.88655631634476,0.4108734114690926,4.405338175163329,10.091414742467236,1.2713085072758528,15.328536515387446,0.1200084685799035,29.410093369903247,853.6421246091517,16.122379577049664,3.4117436663410534,-0.8071328901910724,10.369834553676059,0.0198341035380707,6.999604941432834,-0.17223555336729557
7Networks_RH_Vis_3,1.3439610004425049,33.92041130714125,-0.4180317464212488,55.29564475861807,2.2961571524274533,0.3893419958231636,3.8012921866714975,9.098890111873528,1.2885354576664805,14.266861054997996,0.871265007088349,28.070959584740844,726.5843622315207,15.131404923660613,3.9606058965518174,-0.1537216991880396,18.6194974597211,0.011594348164516703,6.2946469358441774,-0.19273129547329185
7Networks_RH_Vis_4,1.488763451576233,14.757012425078718,0.7092522784686116,50.590141309282586,1.5111647854854469,0.23086604418007609,4.139870144148794,8.317121846832944,1.16566143643471,8.172407284720222,-1.0952375652379047,25.388219773418076,747.0951740875743,14.265060359042476,3.6898803961957696,-2.07607684886892,3.1140485350061358,-0.02731469164649229,5.584921096120686,-0.42254646225386694
7Networks_RH_Vis_5,1.554404616355896,18.16917780427422,3.173987207913312,55.42091663182888,1.5269560310944652,0.490680525782844,5.858725470132925,9.300445228577843,1.0921536337857307,17.13495960507566,-1.0583053359799075,29.025115620958935,1009.418819169346,16.002392247705885,4.275359886762066,-0.47730401413635853,2.405500114255119,0.027320601903802894,7.239595518042906,-0.14052575840308912
7Networks_RH_Vis_6,1.5161671638488767,23.535882375235417,-0.9950470023459104,47.60562296871203,1.7261132523702811,0.3316123435822359,6.221252850211146,9.198065230751649,1.1189106560669548,14.330719026925829,-0.9458073472268524,29.3545769240505,812.4681993321618,15.29352422837462,3.162752726552266,-0.8966857260067278,6.817456464162668,-0.041562803196814685,6.703267644782707,-0.1751193514592074
7Networks_RH_Vis_7,1.4339563846588135,24.989462462225287,0.6103397466478897,55.298448473092,2.2538217906660036,0.30988190004566196,4.116309112370843,9.327460206817946,1.2392083398074114,10.355385966714753,-0.3479658894165076,26.403153604315232,739.122022921909,14.88416411951046,4.048958613719368,-0.39162691256617127,10.565812834288835,0.015860406422438605,6.131204729138464,-0.22479706101124144
7Networks_RH_Vis_8,1.4730323553085327,18.433515345056197,0.0677531465106789,48.308487834426025,1.7911306384961823,0.31720469822919173,4.839572225191451,8.78638218292629,1.1885139796236015,9.974062271495324,-0.796646063966271,24.264211166850135,714.1156353367585,13.792313036748485,3.8482668043882424,-0.7957820098671471,4.612623748499626,0.0016564341279006944,5.75605582100162,-0.29772611972699076
7Networks_RH_SomMot_1,1.4673638343811035,32.72875528124827,-0.15859947510932457,55.933132633095994,2.2661308193222007,0.4256294405192246,6.1077886965569315,9.776910821377141,1.3251494479109829,16.569950095786123,0.688783945428504,29.740581377670647,787.1729833795229,19.59953554211427,4.251993808286193,1.0130708342626105,17.709610754954436,0.10448395415014108,6.670339912896949,0.43713449156185213
7Networks_RH_SomMot_2,1.3916531801223755,31.059538005290133,-0.4568447192594832,49.28087551686955,2.1812781649074333,0.48064897744273705,8.355819915903025,10.526876388438705,1.2725251437373535,19.63354032648247,1.0687982280562607,34.29364461031827,870.535785792818,18.86500170914356,3.851702567624725,1.5990729952433005,24.587037531457927,0.11575583080530176,7.225452171479798,0.9039388341597632
7Networks_RH_SomMot_3,1.2756850719451904,32.253656328700366,0.5102550898116303,54.663358251679725,2.3587689551697393,0.4567520320881074,4.880620622616632,10.210857272450147,1.4115128986567118,14.146050395658214,0.35544290549443897,28.771326529285894,762.2796372545127,20.11540043375607,4.237977350724593,1.66177484820148,24.109932362091502,0.15576738223231337,6.334498319586171,0.35684197171039583
7Networks_RH_SomMot_4,1.477344989776611,21.802887233884874,0.6699091633439028,43.676568507975865,1.6514552149222912,0.273526051056931,3.9041201828790135,10.04774281604322,1.2817177061416796,10.4626731159979,-0.8367795746345059,26.57981831247356,666.2185581720897,17.763622452602643,3.561808032318984,-0.5137848422326704,14.541295083197786,0.14338084692844238,5.892978041508048,0.11819430228650016
7Networks_RH_SomMot_5,1.570974588394165,20.305354238588535,0.5244801469139544,41.29203306413346,1.4502805471420288,0.28240704424314883,3.695200692447707,10.625526079510935,1.211783032224834,10.147952862954256,-0.9508058489494864,26.078493495978933,639.8408411213144,16.901312214381612,3.284299372605476,-1.1326498286426154,13.520089751080665,0.1277071930299117,6.215883345341485,0.2173545331430238
7Networks_RH_SomMot_6,1.5884029865264893,16.25355436640593,-0.8366337704635446,37.569293304854135,1.4053599809561796,0.17637692906487276,4.022817845930133,9.245824157696125,1.1904491422702204,8.363886535877135,-1.244951597737966,23.910142507484487,576.5311914427667,15.02534578738532,3.0053572008708884,-2.1536554605623253,9.856180324258533,0.08504080660033575,5.661214565249851,-0.014591842275828444
7Networks_RH_SomMot_7,1.3950076103210447,21.22098075796433,-0.8835745425326711,40.52486798575523,1.7209979545851484,0.3022691161411184,3.715859293423295,9.556881296562063,1.1924525347358914,8.884646255331367,-0.8606309398318195,23.37878548593232,652.4414827324479,16.0595266529052,3.4017876781502885,-1.582893295926057,13.563927916979248,0.10680949938828992,5.726312525367045,-0.1421871913103576
7Networks_RH_SomMot_8,1.504897117614746,20.853608725718527,-0.7968955254092382,37.68912715032137,1.4287033869541663,0.29022376674993305,4.800877259149733,10.092593039915032,1.2132712513225024,9.351398693620537,-1.0671662008830387,23.411227243723886,632.8489474587433,18.385268381893994,3.167481434383693,-1.5584384364937036,15.173508073644102,0.18168200670006687,6.0798510330279,0.31409679079687136
7Networks_RH_DorsAttn_Post_1,1.3258570432662964,31.989331638384066,0.4677652270071927,58.383091628720635,2.5548383735559876,0.3540256501141313,4.058451756369809,9.151474930084174,1.3009542933005371,14.244558176580176,0.3404774681019163,27.55487823486328,762.1027610443349,16.19704117818791,4.1511715232953055,0.9247121967348234,22.30304978323588,0.006046177190014096,6.153919648834947,-0.11878157221098164
7Networks_RH_DorsAttn_Post_2,1.3169984817504883,27.228188599662907,0.2577386255607817,47.33166599157143,2.0517694650502407,0.3659727198275691,3.8206264860032775,10.28640152337353,1.2632682904127868,13.77237565415271,-0.13180192838631397,26.73223522079893,727.3104624107177,16.52747666514078,3.7109007031209815,0.10417410304593495,21.444124524517303,0.11864511867351867,6.651956710502407,-0.004951934997637129
7Networks_RH_DorsAttn_Post_3,1.3498293161392212,27.884723038832096,-0.2604575609009842,52.31015638977034,2.1244561611930783,0.3833166927463233,3.143311384205793,10.002971935880336,1.2270578073159815,13.243677196697648,-0.2587041584563378,26.071826604696415,721.8110755307009,14.969955786083712,3.7375496361987945,-0.6228141721578205,19.89163876531492,0.022211939131770896,6.195044978327928,-0.3022642640578256
7Networks_RH_DorsAttn_Post_4,1.3585450649261475,23.817030188593044,-0.46348945831294014,50.24503772169994,2.1154263338024206,0.3494621914715864,3.192631577643439,9.875076838838103,1.2492377809675483,9.610331625297405,-0.3404604211801426,23.80373037429083,687.7527201776153,15.153094913718046,3.869187857763309,-0.8112410343859806,16.207309258418682,0.007446023929848709,5.830232875505783,-0.3238030215543402
7Networks_RH_DorsAttn_Post_5,1.2595748901367188,23.3858267800164,-1.584704815982622,46.46610853089028,1.9749586222344249,0.3480838053540789,3.2944460520526633,9.611255612191236,1.2619141155209743,9.11637681676848,-0.4915809302208992,21.389646293213648,633.5786578349644,16.69087182260637,3.8616402570681574,-1.0500279760470244,19.249137560247664,0.03468098395694693,5.557120791295683,-0.2621992577470057
7Networks_RH_DorsAttn_PrCv_1,1.2954051494598389,28.263339850069745,1.2970941828848368,56.077542766582134,2.0002638658855196,0.4372481967656969,3.7995847025236418,11.24331538822021,1.3006220449020929,14.62651850944916,-0.49902759589503887,28.302145526372303,761.2221625092344,18.687831068432143,3.692268547739938,0.4894036918752154,24.857438266757622,0.07636682315136575,6.559000839717265,0.002704224507022332
7Networks_RH_DorsAttn_FEF_1,1.3209292888641355,24.789261899544325,0.36110188787250463,51.14740623546725,1.786056376136928,0.3487565587871374,3.3241751795246146,10.667340260746196,1.2285060927896883,11.884067815924892,-0.9092121193909605,25.004471162649303,689.219804122017,18.224355778015116,3.1579989593897566,-0.9266285902636229,24.022780628200287,0.03783969601618336,6.175321131639141,-0.05552172305069217
7Networks_RH_SalVentAttn_TempOccPar_1,1.3338044881820679,32.84603063402778,0.48412911079324633,59.73468526433952,2.677553642097363,0.4290992314989244,4.395936000390173,9.761068770601984,1.3051289592984578,16.193494596310178,0.6203435022787207,28.672835899801814,770.8993979273492,16.081148585121525,4.099057419725814,1.283151134349083,23.40241679782961,0.06264873772930715,6.57248444519306,0.04237909673804279
7Networks_RH_SalVentAttn_TempOccPar_2,1.2798411846160889,31.262085305963726,0.3206024599731521,55.74668355666683,2.5494815223686538,0.31442381581052714,4.167153720314216,9.233316643327182,1.3517780184267882,14.483841773216854,-0.034294904305581235,27.026149036215365,732.7312918906488,16.9343956356242,3.9684241772674897,1.152705530952344,26.793015661089104,0.06152063231508818,5.8749415173734505,-0.006379573302773148
7Networks_RH_SalVentAttn_FrOperIns_1,1.2060749530792236,43.55583689335118,0.6580721030344535,49.592449885567135,2.2433682447759766,0.5344434965591391,7.613419456404736,10.541321317217847,1.4507620495086995,20.358451068807486,2.0612928576666976,36.329769700523315,787.9325574865637,23.92950509263575,4.396945259694002,1.7773640169046507,31.935097045290927,0.0694479736612557,7.275830653919343,0.6676071717744558
7Networks_RH_SalVentAttn_Med_1,1.2848068475723267,26.559861869757825,-0.5092797063213353,52.8224386683116,2.2153017712053287,0.33561964546280004,5.717232559521267,10.268506722049983,1.2727825832939343,16.679897653239134,-0.6520850977482862,29.870715829823585,731.3469351397621,18.29234121646748,3.4914891905746446,0.5734555440377175,24.921104322702337,0.0829918410346777,6.695418218869589,0.27407802008677806
7Networks_RH_SalVentAttn_Med_2,1.242067813873291,27.109164943256495,0.3310911162969963,52.10019091198692,1.95387370208355,0.3769397792802856,4.89694016704307,10.802932526875797,1.312821055212257,13.572089974664467,-0.3933645935787876,26.265068898507213,731.030617398469,21.828484631963462,3.456606502754182,0.04433367685396339,29.21173533243704,0.08099864521778344,6.369573505838724,0.3677618758184462
7Networks_RH_Limbic_OFC_1,1.2070651054382324,34.16131740834453,-0.16053998706055797,55.083774545976794,2.193423262180477,0.30182585265894274,5.251973458510382,9.878433276969186,1.3829154313358867,19.789958347379947,0.6229410788966535,30.125180982660364,666.4147990164458,20.083706665150142,3.8620901120593016,0.07644529230078907,32.182734861931145,-0.06530598201437075,6.6935235671372775,0.15645641339409552
7Networks_RH_Limbic_TempPole_1,1.141176700592041,47.38051319714282,-2.0718554407108205,45.6695249949945,2.3109626043437226,0.3377502474860868,6.416739693976284,8.353789225122096,1.368241704038199,15.292363305629433,2.3595118226210836,29.73546463786108,516.0648002683596,15.057957987005047,3.932114828200024,-0.666493662979797,27.057216702255424,-0.11408197392158131,6.606914098155593,-0.21445191834820188
7Networks_RH_Cont_Par_1,1.2419664859771729,27.06706611696587,-0.33681772418742245,57.31006449967761,2.5610330438579965,0.16575008815409092,3.06296706199646,7.874016344789416,1.3187813016772267,12.070709664237008,-0.5826179249363951,24.33262068326356,678.5549908426735,14.86989825155586,3.586551982035162,-0.30264976862150206,25.18844381933765,-0.06486442497276584,5.076428884814586,-0.317377418866993
7Networks_RH_Cont_Par_2,1.2920347452163696,23.592808147314695,-0.23949021929531308,58.518032756526914,2.5083515302533597,0.21059227453593868,3.0810065388811374,8.740741914097345,1.344593157299044,10.96024465203906,-0.35651891307078915,23.076080899278654,696.5436721809937,15.815939550733312,3.939689011770236,-0.31592325247006753,20.53751358052152,-0.04795359491520916,5.086955415403165,-0.31627371933810544
7Networks_RH_Cont_PFCl_1,1.2057852745056152,32.750255986114176,1.0697334442189523,59.53957542139741,2.256615646340292,0.2829992466161613,4.10227924370879,10.480352376926508,1.4090928272288439,16.30056211252508,-0.3075454548688674,25.035850504094903,746.2016167507397,18.276838124777026,4.06491353582682,-0.03975894304297129,29.52047594760185,-0.02601583102478097,5.738599469938661,-0.09803973867088529
7Networks_RH_Cont_PFCl_2,1.2596650123596191,29.415862097703528,1.691764897950376,57.24337101896731,2.1858510716845054,0.3833204190310011,4.0485326710124365,10.888307515851858,1.391026765839718,14.139854604191294,-0.39945687450802103,27.00215923880029,739.2458209952322,18.73953466600459,4.167944550853129,0.3799732794819742,27.30989368560173,0.043640711526761536,6.059799018644897,-0.06360321240654736
7Networks_RH_Cont_PFCl_3,1.204301834106445,33.352985768560515,1.4042786737378024,57.57275085756269,2.1784398802708984,0.3540371533644996,3.828275096590704,10.47694332400584,1.4003058381941855,14.543204574260264,-0.43477921734742125,25.718797033843572,718.2358405346827,18.52038466517931,4.029444137642082,0.4266079152649024,31.209375443584555,-0.012836363803078768,5.9324781218204645,-0.07827508802624071
7Networks_RH_Cont_PFCl_4,1.2835142612457275,25.78798625186132,0.603421641347377,54.789952804166646,1.943531406733324,0.2560728579474528,3.2503486239598574,9.947007482650093,1.2680520582840435,11.377948275615156,-1.186863685668537,24.32018780201039,661.3793572097059,17.021434340942267,3.553839926181779,-0.6208331898694524,24.68994532164559,-0.04011027874538382,5.326038868074561,-0.2679312213809553
7Networks_RH_Cont_Cing_1,1.4699403047561643,26.941237463605702,-1.0285718719925463,54.82496235564359,2.134016992734964,0.2474432751699528,5.728340664001075,9.906128501788316,1.154056634490456,17.92000673350755,-1.0377369292383203,30.590481399087345,831.62187978074,15.640905475305136,2.8086803932184754,0.11931477595267281,21.005230409459568,-0.01530995070032362,6.648510484851475,0.3203402538776376
7Networks_RH_Cont_PFCmp_1,1.183544635772705,28.216362372802,0.5664748882059595,51.75199344628595,2.061580978728196,0.4291917804049331,5.011422676730049,10.62168152651576,1.3665085187437576,16.036981153872556,0.07764990522505559,29.590726969956684,795.454424397735,23.183354538261312,3.5130828976963984,0.784178639216666,32.9707578685479,0.04910447861374532,6.664652427656717,0.3091250003501596
7Networks_RH_Cont_pCun_1,1.3407093286514282,26.465623783585343,-0.12823745137455586,53.14509638583122,2.208437401003761,0.5096412678397779,4.073495326294313,10.3122504019318,1.26206473330391,14.4381101082658,-0.3240392990906714,26.361610429884806,770.2882761229704,17.33805311937464,4.086807479277979,0.8203263916764308,17.123901115456423,0.042460232407074146,6.818774002770104,-0.10247116811955496
7Networks_RH_Default_Par_1,1.2757216691970823,31.14354395140053,0.6059037331034379,57.955002574371434,2.6254288095117517,0.3764922476924048,3.680402772267304,9.637201658833392,1.342592136066133,14.681832758418304,0.38303459918861765,26.902605793536356,762.438657652657,16.09076558463584,4.062277699276783,1.0748011292419128,26.25369077766926,0.016528717168004102,6.317280238797198,-0.15692228348373907
7Networks_RH_Default_Temp_1,1.1964688301086424,36.734550973044264,-0.6436132229964228,60.69818039051984,2.710826055916709,0.4375122895601361,3.6374875928040495,9.596873317320288,1.3836001138035172,15.691226935769443,1.9633498009284744,27.91962414244481,685.0366619702196,16.04109578261827,4.292339798267613,0.341162188976873,24.77028110286034,0.029482991549807696,6.387121458617591,-0.18995914396839128
7Networks_RH_Default_Temp_2,1.1506100893020628,44.05833868498685,-1.5897801597396775,51.820430005038226,2.5164149830107965,0.4460620785812577,6.1665641214481735,9.158765657477232,1.4049023223317687,16.930700190668137,2.2029085069426877,29.19245782726539,661.6405345723263,17.04003495514638,3.9978528366351447,0.30975157022031063,26.461742998607033,-0.024523072665833937,6.5483869087434075,0.08816721730003228
7Networks_RH_Default_Temp_3,1.3164598941802979,37.0569815916212,0.2032758525529084,61.10969285620165,2.664876673535935,0.47397525084514497,4.62062976592081,10.19233066931581,1.3085320139207952,18.069932437223063,1.4400530832316172,30.07800321628393,792.9105164361828,16.321275187051228,4.071409931795633,1.2451980575385535,24.05349077978515,0.07036615083190315,7.1157688296286485,0.13306912971852747
7Networks_RH_Default_PFCv_1,1.2724225521087646,35.42998884726513,0.7106470524161876,53.76874619058609,2.0462942301526574,0.4478288761551674,6.079225184801376,10.342187522209858,1.3632780222356586,17.490801660643978,0.8634119127692081,31.568241340985438,755.4173075730854,20.8208467445086,3.8716974368078527,0.505545210193596,29.884636274215772,0.020036298716965655,7.025454678015596,0.19365121686573933
7Networks_RH_Default_PFCv_2,1.255181908607483,26.613002328458,0.6834336866567167,56.61495686446448,2.1265133543266095,0.424102336561643,4.306111023866301,10.841354883766932,1.3636145085493168,13.305066375901347,-0.1921552074017288,27.2057167585794,695.3006064067592,20.279821824370295,4.24991971400541,0.28180581525403064,24.16244919960275,0.062483485438106334,6.086091314861494,-0.14747268400336716
7Networks_RH_Default_PFCdPFCm_1,1.1693191528320312,37.192277892837225,0.5371696939080274,52.78235216666543,2.1994829307042476,0.47777860256828986,4.85304213565897,10.15157764328692,1.4517513854603203,19.65340093348641,0.29486517985032057,29.193140933947934,814.1159751578813,23.574147544090735,3.8707556598341526,1.3372962596937297,32.99899970863225,0.015205993031134664,6.733830496413119,0.13254598861962283
7Networks_RH_Default_PFCdPFCm_2,1.1813395023345947,29.789849033832066,0.03142306049018949,56.47621885870302,2.067674471576027,0.3108473885431672,3.2988632685776245,9.893534035191596,1.3045636911325456,11.338067524175216,-0.6575186596749464,22.330861056422837,656.1753466683527,18.507721936345295,3.5087991083200354,-0.443685506176649,28.03299948647751,-0.09751642906863486,5.398219668914323,-0.30682766243188386
7Networks_RH_Default_PFCdPFCm_3,1.2363245487213135,28.751994922423133,0.968689443024582,56.43253286759598,1.976644965307798,0.4044108910752934,3.0506935749866733,10.66977873535125,1.3033770894350238,13.235153171008895,-0.6702874858439808,25.153228259295137,725.1319011230835,19.024583332445722,3.6710495626576303,-0.09642257711964845,28.670951799114857,-0.02041287191508546,6.417761230809424,-0.16421022061725543
7Networks_RH_Default_pCunPCC_1,1.4550724029541016,21.6858961297767,-1.8969362449989131,47.68304980361372,2.0679130400566006,0.3007933670506915,5.470240614552023,9.162848097860136,1.1167395119709145,18.065149506697168,-1.1741235595387751,29.79949380256034,778.5155365459435,14.972589404044808,2.9721747763971664,-0.3333942657261007,13.388987030500552,-0.0801037874484703,7.110122075949201,-0.17486641134622213
7Networks_RH_Default_pCunPCC_2,1.3656443357467651,28.820803092817098,-0.10996208420712816,60.40839019893384,2.4060050982831145,0.4859803072192105,5.117628016649166,10.358899028039636,1.2523223308271996,19.840741833072883,-0.5611229795074941,30.040661367810205,852.0433904649907,17.273121772406537,3.863344457562112,1.2828037100466143,21.70866095013436,0.025613256737936622,7.3208494827512975,0.12442753036022572
